audit_date,display_section,display_order,institution,display_label,shown_publication_linked_records,count_audit_status,representative_page_url,representative_title,representative_doi,representative_doi_url,evidence_status,evidence_basis,matched_affiliation_or_local_evidence,metadata_or_project_source_url,website_content_source,logo_path
2026-07-02,core,1,The University of Tokyo,University of Tokyo,18,COUNT_MATCH,https://qmohsu.github.io/publications/2015-evaluation-of-multi-gnsss-and-gps-with-3d-map-methods-for-pe/,Evaluation of Multi-GNSSs and GPS with 3D Map Methods for Pedestrian Positioning in an Urban Canyon Environment,10.1587/transfun.e98.a.284,https://doi.org/10.1587/transfun.e98.a.284,VERIFIED_OPENALEX,OpenAlex DOI author-affiliation metadata,"The University of Tokyo | Institute of Industrial Science, The University of Tokyo | Institute of Industrial Science, The University of Tokyo",https://api.openalex.org/works/doi:10.1587%2Ftransfun.e98.a.284,content/publications/2015-evaluation-of-multi-gnsss-and-gps-with-3d-map-methods-for-pe.md,/images/partners/university-tokyo-20260701.svg
2026-07-02,core,2,University of Calgary,University of Calgary,8,COUNT_MATCH,https://qmohsu.github.io/publications/2019-intelligent-gps-l1-losmultipathnlos-classifiers-based-on-c/,"Intelligent GPS L1 LOS/Multipath/NLOS Classifiers Based on Correlator-, RINEX-and NMEA-Level Measurements",10.3390/rs11161851,https://doi.org/10.3390/rs11161851,VERIFIED_OPENALEX,OpenAlex DOI author-affiliation metadata,"University of Calgary | Department of Geomatics Engineering, University of Calgary, Calgary, AB T2N 1N4, Canada",https://api.openalex.org/works/doi:10.3390%2Frs11161851,content/publications/2019-intelligent-gps-l1-losmultipathnlos-classifiers-based-on-c.md,/images/partners/university-calgary-20260701.png
2026-07-02,core,3,Civil Aviation University of China,CAUC,6,COUNT_MATCH,https://qmohsu.github.io/publications/2019-intelligent-gps-l1-losmultipathnlos-classifiers-based-on-c/,"Intelligent GPS L1 LOS/Multipath/NLOS Classifiers Based on Correlator-, RINEX-and NMEA-Level Measurements",10.3390/rs11161851,https://doi.org/10.3390/rs11161851,VERIFIED_OPENALEX,OpenAlex DOI author-affiliation metadata,"Civil Aviation University of China | Tianjin Key Lab for Advanced Signal Processing, Civil Aviation University of China, Tianjin 300300, China",https://api.openalex.org/works/doi:10.3390%2Frs11161851,content/publications/2019-intelligent-gps-l1-losmultipathnlos-classifiers-based-on-c.md,
2026-07-02,core,4,Shenzhen Polytechnic University,Shenzhen Polytechnic,6,COUNT_MATCH,https://qmohsu.github.io/publications/2021-integration-of-gnss-and-ble-technology-with-inertial-sensors/,Integration of GNSS and BLE Technology With Inertial Sensors for Real-Time Positioning in Urban Environments,10.1109/access.2021.3052733,https://doi.org/10.1109/access.2021.3052733,VERIFIED_OPENALEX,OpenAlex DOI author-affiliation metadata,Shenzhen Polytechnic University,https://api.openalex.org/works/doi:10.1109%2Faccess.2021.3052733,content/publications/2021-integration-of-gnss-and-ble-technology-with-inertial-sensors.md,/images/partners/shenzhen-polytechnic-20260701.png
2026-07-02,core,5,Wuhan University,Wuhan University,6,COUNT_MATCH,https://qmohsu.github.io/publications/2024-a-survey-on-cooperative-positioning-using-gnss-measurements/,A Survey on Cooperative Positioning Using GNSS Measurements,10.1109/tiv.2024.3397879,https://doi.org/10.1109/tiv.2024.3397879,VERIFIED_OPENALEX,OpenAlex DOI author-affiliation metadata,"Wuhan University | School of Remote Sensing and Information Engineering, Wuhan University, Wuhan, China",https://api.openalex.org/works/doi:10.1109%2Ftiv.2024.3397879,content/publications/2024-a-survey-on-cooperative-positioning-using-gnss-measurements.md,/images/partners/wuhan-university-20260701.png
2026-07-02,core,6,National Cheng Kung University,NCKU,5,COUNT_MATCH,https://qmohsu.github.io/publications/2010-development-of-an-indoor-location-based-service-test-bed-and/,Development of an Indoor Location Based Service Test Bed and Geographic Information System with a WSN,10.3390/s100402957,https://doi.org/10.3390/s100402957,VERIFIED_OPENALEX,OpenAlex DOI author-affiliation metadata,"National Cheng Kung University | Department of Aeronautics and Astronautics, National Cheng Kung University, Tainan 70101, Taiwan | Department of Aeronautics and Astronautics, National Cheng Kung University, Tainan 70101, Taiwan. ssjan@mail.ncku.edu.tw",https://api.openalex.org/works/doi:10.3390%2Fs100402957,content/publications/2010-development-of-an-indoor-location-based-service-test-bed-and.md,/images/partners/ncku-20260701.png
2026-07-02,core,7,Nanjing University of Aeronautics and Astronautics,NUAA,5,COUNT_MATCH,https://qmohsu.github.io/publications/2019-a-gradient-boosting-decision-tree-based-gps-signal-reception/,A Gradient Boosting Decision Tree Based GPS Signal Reception Classification Algorithm,10.1016/j.asoc.2019.105942,https://doi.org/10.1016/j.asoc.2019.105942,VERIFIED_OPENALEX,OpenAlex DOI author-affiliation metadata,"Nanjing University of Aeronautics and Astronautics | College of Civil Aviation, Nanjing University of Aeronautics and Astronautics, Nanjing 210016, China",https://api.openalex.org/works/doi:10.1016%2Fj.asoc.2019.105942,content/publications/2019-a-gradient-boosting-decision-tree-based-gps-signal-reception.md,/images/partners/nuaa-20260701.png
2026-07-02,core,8,Applied Science and Technology Research Institute,ASTRI,5,COUNT_MATCH,https://qmohsu.github.io/publications/2021-prediction-on-the-urban-gnss-measurement-uncertainty-based-o/,Prediction on the Urban GNSS Measurement Uncertainty based on Deep Learning Networks with Long Short-Term Memory,10.1109/jsen.2021.3098006,https://doi.org/10.1109/jsen.2021.3098006,VERIFIED_OPENALEX,OpenAlex DOI author-affiliation metadata,"Applied Science and Technology Research Institute | Hong Kong Applied Science and Technology Research Institute Company Ltd., Hong Kong",https://api.openalex.org/works/doi:10.1109%2Fjsen.2021.3098006,content/publications/2021-prediction-on-the-urban-gnss-measurement-uncertainty-based-o.md,/images/partners/astri-20260701.svg
2026-07-02,core,9,Imperial College London,Imperial,4,COUNT_MATCH,https://qmohsu.github.io/publications/2019-a-gradient-boosting-decision-tree-based-gps-signal-reception/,A Gradient Boosting Decision Tree Based GPS Signal Reception Classification Algorithm,10.1016/j.asoc.2019.105942,https://doi.org/10.1016/j.asoc.2019.105942,VERIFIED_OPENALEX,OpenAlex DOI author-affiliation metadata,"Imperial College London | Center for Transport Studies, Imperial College London, London SW7 2AZ, UK",https://api.openalex.org/works/doi:10.1016%2Fj.asoc.2019.105942,content/publications/2019-a-gradient-boosting-decision-tree-based-gps-signal-reception.md,/images/partners/imperial-20260701.png
2026-07-02,core,10,Southeast University,Southeast University,4,COUNT_MATCH,https://qmohsu.github.io/publications/2022-a-novel-insusbl-integrated-navigation-scheme-via-factor-gra/,A Novel INS/USBL Integrated Navigation Scheme Via Factor Graph Optimization,10.1109/tvt.2022.3177739,https://doi.org/10.1109/tvt.2022.3177739,VERIFIED_OPENALEX,OpenAlex DOI author-affiliation metadata,"Southeast University | School of Instrument Science and Engineering, Key Laboratory of Micro-Inertial Instrument and Advanced Navigation Technology, Ministry of Education, Southeast University, Nanjing, China",https://api.openalex.org/works/doi:10.1109%2Ftvt.2022.3177739,content/publications/2022-a-novel-insusbl-integrated-navigation-scheme-via-factor-gra.md,/images/partners/southeast-university-20260701.svg
2026-07-02,core,11,Hohai University,Hohai University,4,COUNT_MATCH,https://qmohsu.github.io/publications/2022-data-denoising-based-on-hadamard-matrix-transformation-and-r/,Data Denoising Based on Hadamard Matrix Transformation and Rayleigh Quotient Maximization: Application to GNSS Signal Classification,10.1109/tim.2022.3184357,https://doi.org/10.1109/tim.2022.3184357,VERIFIED_OPENALEX,OpenAlex DOI author-affiliation metadata,"Hohai University | School of Science, Hohai University, Nanjing, China",https://api.openalex.org/works/doi:10.1109%2Ftim.2022.3184357,content/publications/2022-data-denoising-based-on-hadamard-matrix-transformation-and-r.md,/images/partners/hohai-university-20260701.png
2026-07-02,core,12,Harbin Institute of Technology,HIT,3,COUNT_MATCH,https://qmohsu.github.io/publications/2023-an-anti-spoofing-model-based-on-mvm-and-mccm-for-a-loosely-c/,An Anti-spoofing Model based on MVM and MCCM for a Loosely-coupled GNSS/INS/LiDAR Kalman Filter,10.1109/tiv.2023.3335356,https://doi.org/10.1109/tiv.2023.3335356,VERIFIED_OPENALEX,OpenAlex DOI author-affiliation metadata,"Harbin Institute of Technology | School of Instrumentation Science and Engineering, Harbin Institute of Technology, Harbin, China",https://api.openalex.org/works/doi:10.1109%2Ftiv.2023.3335356,content/publications/2023-an-anti-spoofing-model-based-on-mvm-and-mccm-for-a-loosely-c.md,/images/partners/harbin-institute-technology-20260701.png
2026-07-02,core,13,University College London,UCL,2,COUNT_MATCH,https://qmohsu.github.io/publications/2014-multipath-mitigation-and-nlos-detection-using-vector-trackin/,Multipath mitigation and NLOS detection using vector tracking in urban,10.1007/s10291-014-0384-6,https://doi.org/10.1007/s10291-014-0384-6,VERIFIED_OPENALEX,OpenAlex DOI author-affiliation metadata,"University College London | Faculty of Engineering, University College London, London, UK",https://api.openalex.org/works/doi:10.1007%2Fs10291-014-0384-6,content/publications/2014-multipath-mitigation-and-nlos-detection-using-vector-trackin.md,/images/partners/ucl-20260701.svg
2026-07-02,core,14,"University of California, Berkeley",UC Berkeley,1,COUNT_MATCH,https://qmohsu.github.io/projects/urbanloco/,UrbanLoco,,,VERIFIED_LOCAL_PROJECT,Local public project page,content/projects/urbanloco.md states collaboration with the Mechanical Systems Control Lab at UC Berkeley.,content/projects/urbanloco.md,content/projects/urbanloco.md,/images/partners/uc-berkeley-20260701.svg
2026-07-02,core,15,Shanghai Jiao Tong University,SJTU,2,COUNT_MATCH,https://qmohsu.github.io/publications/2023-high-accuracy-absolute-position-aided-code-phase-tracking-ba/,High-Accuracy Absolute-Position-Aided Code Phase Tracking Based on RTK/INS Deep Integration in Challenging Static Scenarios,10.3390/rs15041114,https://doi.org/10.3390/rs15041114,VERIFIED_OPENALEX,OpenAlex DOI author-affiliation metadata,"Shanghai Jiao Tong University | Shanghai Key Laboratory of Navigation and Location-Based Service, School of Electronic Information and Electrical Engineering, Shanghai Jiao Tong University, Shanghai 200240, China",https://api.openalex.org/works/doi:10.3390%2Frs15041114,content/publications/2023-high-accuracy-absolute-position-aided-code-phase-tracking-ba.md,/images/partners/sjtu-20260701.png
2026-07-02,core,16,Beihang University,Beihang University,2,COUNT_MATCH,https://qmohsu.github.io/publications/2024-random-forest-based-multipath-parameter-estimation/,Random forest-based multipath parameter estimation,10.1007/s10291-024-01667-x,https://doi.org/10.1007/s10291-024-01667-x,VERIFIED_OPENALEX,OpenAlex DOI author-affiliation metadata,"Beihang University | School of Electronics and Information Engineering, Beihang University, 37 Xueyuan Road, Beijing, China",https://api.openalex.org/works/doi:10.1007%2Fs10291-024-01667-x,content/publications/2024-random-forest-based-multipath-parameter-estimation.md,/images/partners/beihang-20260701.png
2026-07-02,core,17,The University of Hong Kong,HKU,1,COUNT_MATCH,https://qmohsu.github.io/publications/2023-ecmd-an-event-centric-multisensory-driving-dataset-for-slam/,ECMD: An Event-Centric Multisensory Driving Dataset for SLAM,10.1109/tiv.2023.3339144,https://doi.org/10.1109/tiv.2023.3339144,VERIFIED_OPENALEX,OpenAlex DOI author-affiliation metadata,"University of Hong Kong | Adaptive Robotic Controls Lab (ArcLab), Department of Mechanical Engineering, The University of Hong Kong, Hong Kong SAR, China",https://api.openalex.org/works/doi:10.1109%2Ftiv.2023.3339144,content/publications/2023-ecmd-an-event-centric-multisensory-driving-dataset-for-slam.md,/images/partners/hku-20260701.svg
2026-07-02,core,18,Hong Kong University of Science and Technology,HKUST,1,COUNT_MATCH,https://qmohsu.github.io/publications/2024-an-adaptive-weighted-gnssvinswi-fi-rtt-based-seamless/,An Adaptive Weighted GNSS/VINS/Wi-Fi RTT-based Seamless Positioning System for Smartphone,10.1109/IPIN62893.2024.10786175,https://doi.org/10.1109/IPIN62893.2024.10786175,VERIFIED_OPENALEX,OpenAlex DOI author-affiliation metadata,"Hong Kong University of Science and Technology | The Hong Kong University of Science and Technology,Department of Mechanical and Aerospace Engineering,Hong Kong,China",https://api.openalex.org/works/doi:10.1109%2FIPIN62893.2024.10786175,content/publications/2024-an-adaptive-weighted-gnssvinswi-fi-rtt-based-seamless.md,/images/partners/hkust-20260701.svg
2026-07-02,core,19,German Aerospace Center (DLR),DLR,1,COUNT_MATCH,https://qmohsu.github.io/publications/2023-editorial-enhanced-gnss-based-localization-solutions-with-ar/,Editorial: Enhanced GNSS-based localization solutions with artificial intelligence,10.3389/frobt.2023.1265989,https://doi.org/10.3389/frobt.2023.1265989,VERIFIED_OPENALEX,OpenAlex DOI author-affiliation metadata,"Deutsches Zentrum für Luft- und Raumfahrt e. V. (DLR) | Navigation Department, Institute of Communication and Navigation, German Aerospace Center (DLR), Weßling, Germany | DLR Institut für Kommunikation und Navigation (Kalkhorstweg 53, D-17235 Neustrelitz - Germany)",https://api.openalex.org/works/doi:10.3389%2Ffrobt.2023.1265989,content/publications/2023-editorial-enhanced-gnss-based-localization-solutions-with-ar.md,/images/partners/dlr-20260701.svg
2026-07-02,additional,1,Arizona State University,Arizona State University,3,COUNT_MATCH,https://qmohsu.github.io/publications/2022-carrier-aided-dual-frequency-vectorized-tracking-architectur/,Carrier-Aided Dual Frequency Vectorized Tracking Architecture for NavIC Signals,10.1109/tim.2022.3146927,https://doi.org/10.1109/tim.2022.3146927,VERIFIED_OPENALEX,OpenAlex DOI author-affiliation metadata,"Arizona State University | Department of Electrical Engineering, Arizona State University, Tempe, AZ, USA",https://api.openalex.org/works/doi:10.1109%2Ftim.2022.3146927,content/publications/2022-carrier-aided-dual-frequency-vectorized-tracking-architectur.md,/images/partners/asu-20260701.png
2026-07-02,additional,2,BITS Pilani,BITS Pilani,3,COUNT_MATCH,https://qmohsu.github.io/publications/2022-carrier-aided-dual-frequency-vectorized-tracking-architectur/,Carrier-Aided Dual Frequency Vectorized Tracking Architecture for NavIC Signals,10.1109/tim.2022.3146927,https://doi.org/10.1109/tim.2022.3146927,VERIFIED_OPENALEX,OpenAlex DOI author-affiliation metadata,"Birla Institute of Technology and Science, Pilani - Goa Campus | Birla Institute of Technology and Science, Pilani | Department of Electrical and Electronics Engineering, Birla Institute of Technology and Science, Pilani, K K Birla Goa Campus, Pilani, India",https://api.openalex.org/works/doi:10.1109%2Ftim.2022.3146927,content/publications/2022-carrier-aided-dual-frequency-vectorized-tracking-architectur.md,/images/partners/bits-pilani-20260701.png
2026-07-02,additional,3,Xi'an Railway Survey and Design Institute,Xi'an Railway Survey and Design Institute,3,COUNT_MATCH,https://qmohsu.github.io/publications/2019-a-gradient-boosting-decision-tree-based-gps-signal-reception/,A Gradient Boosting Decision Tree Based GPS Signal Reception Classification Algorithm,10.1016/j.asoc.2019.105942,https://doi.org/10.1016/j.asoc.2019.105942,VERIFIED_OPENALEX,OpenAlex DOI author-affiliation metadata,Xi'an Railway Survey and Design Institute,https://api.openalex.org/works/doi:10.1016%2Fj.asoc.2019.105942,content/publications/2019-a-gradient-boosting-decision-tree-based-gps-signal-reception.md,
2026-07-02,additional,4,Beijing Institute of Technology,Beijing Institute of Technology,2,COUNT_MATCH,https://qmohsu.github.io/publications/2019-intelligent-gps-l1-losmultipathnlos-classifiers-based-on-c/,"Intelligent GPS L1 LOS/Multipath/NLOS Classifiers Based on Correlator-, RINEX-and NMEA-Level Measurements",10.3390/rs11161851,https://doi.org/10.3390/rs11161851,VERIFIED_OPENALEX,OpenAlex DOI author-affiliation metadata,"Beijing Institute of Technology | Radar Research Lab, School of Information and Electronics, Beijing Institute of Technology, Beijing 100081, China",https://api.openalex.org/works/doi:10.3390%2Frs11161851,content/publications/2019-intelligent-gps-l1-losmultipathnlos-classifiers-based-on-c.md,/images/partners/bit-logo-20260701.png
2026-07-02,additional,5,Chinese Academy of Sciences,Chinese Academy of Sciences,2,COUNT_MATCH,https://qmohsu.github.io/publications/2020-multi-agent-collaborative-gnsscamerains-integration-aided/,Multi-Agent Collaborative GNSS/Camera/INS Integration Aided by Inter-ranging for Vehicular Navigation in Urban Areas,10.1109/access.2020.3006210,https://doi.org/10.1109/access.2020.3006210,VERIFIED_OPENALEX,OpenAlex DOI author-affiliation metadata,"Guangzhou Institute of Applied Software Technology, Chinese Academy of Sciences | Institute of Software Application Technology, Guangzhou Chinese Academy of Sciences, Guangzhou, China",https://api.openalex.org/works/doi:10.1109%2Faccess.2020.3006210,content/publications/2020-multi-agent-collaborative-gnsscamerains-integration-aided.md,/images/partners/cas-20260701.png
2026-07-02,additional,6,Huawei Technologies,Huawei Technologies,2,COUNT_MATCH,https://qmohsu.github.io/publications/2022-gnss-rtk-adaptively-integrated-with-lidarimu-odometry-for-c/,GNSS-RTK Adaptively Integrated with LiDAR/IMU Odometry for Continuously Global Positioning in Urban Canyons,10.3390/app12105193,https://doi.org/10.3390/app12105193,VERIFIED_OPENALEX,OpenAlex DOI author-affiliation metadata,"Huawei Technologies (China) | Riemann Laboratory, Huawei Technologies, Xi’an 710075, China",https://api.openalex.org/works/doi:10.3390%2Fapp12105193,content/publications/2022-gnss-rtk-adaptively-integrated-with-lidarimu-odometry-for-c.md,/images/partners/huawei.png
2026-07-02,additional,7,Shandong University,Shandong University,2,COUNT_MATCH,https://qmohsu.github.io/publications/2019-a-gradient-boosting-decision-tree-based-gps-signal-reception/,A Gradient Boosting Decision Tree Based GPS Signal Reception Classification Algorithm,10.1016/j.asoc.2019.105942,https://doi.org/10.1016/j.asoc.2019.105942,VERIFIED_OPENALEX,OpenAlex DOI author-affiliation metadata,"Shandong University | Shandong Provincial Key Laboratory of Optical Astronomy and Solar-Terrestrial Environment, Shandong University, Weihai 264209, China",https://api.openalex.org/works/doi:10.1016%2Fj.asoc.2019.105942,content/publications/2019-a-gradient-boosting-decision-tree-based-gps-signal-reception.md,/images/partners/shandong-university-20260701.png
2026-07-02,additional,8,Southern University of Science and Technology,Southern University of Science and Technology,2,COUNT_MATCH,https://qmohsu.github.io/publications/2020-multi-objective-flight-altitude-decision-considering-contrai/,"Multi-Objective Flight Altitude Decision Considering Contrails, Fuel Consumption and Flight Time",10.3390/su12156253,https://doi.org/10.3390/su12156253,VERIFIED_OPENALEX,OpenAlex DOI author-affiliation metadata,"Southern University of Science and Technology | Department of Earth and Space Sciences, Southern University of Science and Technology, Shenzhen 518000, China",https://api.openalex.org/works/doi:10.3390%2Fsu12156253,content/publications/2020-multi-objective-flight-altitude-decision-considering-contrai.md,/images/partners/sustech-logo-20260701.png
2026-07-02,additional,9,Tianjin University,Tianjin University,2,COUNT_MATCH,https://qmohsu.github.io/publications/2021-coarse-to-fine-loosely-coupled-lidar-inertial-odometry-for-u/,Coarse-to-Fine Loosely-Coupled LiDAR-Inertial Odometry for Urban Positioning and Mapping,10.3390/rs13122371,https://doi.org/10.3390/rs13122371,VERIFIED_OPENALEX,OpenAlex DOI author-affiliation metadata,"Tianjin University | School of Precision Instrument and Opto-Electronics Engineering, Tianjin University, Tianjin 300072, China",https://api.openalex.org/works/doi:10.3390%2Frs13122371,content/publications/2021-coarse-to-fine-loosely-coupled-lidar-inertial-odometry-for-u.md,/images/partners/tianjin-university-20260701.png
2026-07-02,additional,10,Tokyo University of Marine Science and Technology,Tokyo University of Marine Science and Technology,2,COUNT_MATCH,https://qmohsu.github.io/publications/2014-multipath-mitigation-and-nlos-detection-using-vector-trackin/,Multipath mitigation and NLOS detection using vector tracking in urban,10.1007/s10291-014-0384-6,https://doi.org/10.1007/s10291-014-0384-6,VERIFIED_OPENALEX,OpenAlex DOI author-affiliation metadata,"Tokyo University of Marine Science and Technology | Tokyo University of Marine Science and Technology, Tokyo, Japan",https://api.openalex.org/works/doi:10.1007%2Fs10291-014-0384-6,content/publications/2014-multipath-mitigation-and-nlos-detection-using-vector-trackin.md,/images/partners/tokyo-marine-science-logo-20260701.svg
2026-07-02,additional,11,Transport for London,Transport for London,2,COUNT_MATCH,https://qmohsu.github.io/publications/2019-a-gradient-boosting-decision-tree-based-gps-signal-reception/,A Gradient Boosting Decision Tree Based GPS Signal Reception Classification Algorithm,10.1016/j.asoc.2019.105942,https://doi.org/10.1016/j.asoc.2019.105942,VERIFIED_OPENALEX,OpenAlex DOI author-affiliation metadata,Transport for London,https://api.openalex.org/works/doi:10.1016%2Fj.asoc.2019.105942,content/publications/2019-a-gradient-boosting-decision-tree-based-gps-signal-reception.md,/images/partners/transport-for-london-20260701.png
2026-07-02,additional,12,Xi'an Aeronautical University,Xi'an Aeronautical University,2,COUNT_MATCH,https://qmohsu.github.io/publications/2024-enhancing-smartphone-based-pedestrian-positioning-using-fac/,Enhancing Smartphone-based Pedestrian Positioning: Using Factor Graph Optimization with Indoor/Outdoor Detection for 3DMA GNSS/Visual-Inertial State Estimation,10.47852/bonviewjdsis42022961,https://doi.org/10.47852/bonviewjdsis42022961,VERIFIED_OPENALEX,OpenAlex DOI author-affiliation metadata,Xi'an Aeronautical University,https://api.openalex.org/works/doi:10.47852%2Fbonviewjdsis42022961,content/publications/2024-enhancing-smartphone-based-pedestrian-positioning-using-fac.md,/images/partners/xaau-logo-20260702.png
2026-07-02,additional,13,Beijing Jiaotong University,Beijing Jiaotong University,1,COUNT_MATCH,https://qmohsu.github.io/publications/2020-sky-visibility-estimation-based-on-gnss-satellite-visibility/,Sky Visibility Estimation based on GNSS Satellite Visibility: An Approach of GNSS based Context-Awareness,10.1007/s10291-020-0973-5,https://doi.org/10.1007/s10291-020-0973-5,VERIFIED_OPENALEX,OpenAlex DOI author-affiliation metadata,"Beijing Jiaotong University | School of Electronic and Information Engineering, Beijing Jiaotong University, Beijing, China",https://api.openalex.org/works/doi:10.1007%2Fs10291-020-0973-5,content/publications/2020-sky-visibility-estimation-based-on-gnss-satellite-visibility.md,/images/partners/bjtu-logo-20260702.png
2026-07-02,additional,14,Beijing Satellite Navigation Center,Beijing Satellite Navigation Center,1,COUNT_MATCH,https://qmohsu.github.io/publications/2026-single-frequency-rtk-positioning-in-the-presence-of-ambiguity/,Single-frequency RTK positioning in the presence of ambiguity-like code biases,10.1016/j.measurement.2026.120370,https://doi.org/10.1016/j.measurement.2026.120370,VERIFIED_OPENALEX,OpenAlex DOI author-affiliation metadata,Beijing Satellite Navigation Center,https://api.openalex.org/works/doi:10.1016%2Fj.measurement.2026.120370,content/publications/2026-single-frequency-rtk-positioning-in-the-presence-of-ambiguity.md,
2026-07-02,additional,15,Chang'an University,Chang'an University,1,COUNT_MATCH,https://qmohsu.github.io/publications/2021-integration-of-gnss-and-ble-technology-with-inertial-sensors/,Integration of GNSS and BLE Technology With Inertial Sensors for Real-Time Positioning in Urban Environments,10.1109/access.2021.3052733,https://doi.org/10.1109/access.2021.3052733,VERIFIED_OPENALEX,OpenAlex DOI author-affiliation metadata,"Chang'an University | College of Geological Engineering and Geomatics, Chang’an University, Xi’an, China",https://api.openalex.org/works/doi:10.1109%2Faccess.2021.3052733,content/publications/2021-integration-of-gnss-and-ble-technology-with-inertial-sensors.md,/images/partners/changan-university-20260701.png
2026-07-02,additional,16,Chemnitz University of Technology,Chemnitz University of Technology,1,COUNT_MATCH,https://qmohsu.github.io/publications/2021-factor-graph-optimization-for-gnssins-integration-a-compar/,Factor Graph Optimization for GNSS/INS Integration: A Comparison with the Extended Kalman Filter,10.1002/navi.421,https://doi.org/10.1002/navi.421,VERIFIED_OPENALEX,OpenAlex DOI author-affiliation metadata,Chemnitz University of Technology | Chemnitz University of Technology Chemnitz Germany,https://api.openalex.org/works/doi:10.1002%2Fnavi.421,content/publications/2021-factor-graph-optimization-for-gnssins-integration-a-compar.md,/images/partners/chemnitz-logo-20260702.svg
2026-07-02,additional,17,Curtin University,Curtin University,1,COUNT_MATCH,https://qmohsu.github.io/publications/2019-a-gps-spoofing-generator-using-an-open-sourced-vector-tracki/,A GPS Spoofing Generator using an Open Sourced Vector Tracking-Based Receiver,10.3390/s19183993,https://doi.org/10.3390/s19183993,VERIFIED_OPENALEX,OpenAlex DOI author-affiliation metadata,"Curtin University | School of Earth and Planetary Sciences, Curtin University, 6102 Perth, Australia",https://api.openalex.org/works/doi:10.3390%2Fs19183993,content/publications/2019-a-gps-spoofing-generator-using-an-open-sourced-vector-tracki.md,/images/partners/curtin-logo-20260702.png
2026-07-02,additional,18,Giustino Fortunato University,Giustino Fortunato University,1,COUNT_MATCH,https://qmohsu.github.io/publications/2020-machine-learning-based-losnlos-classifier-and-robust-estima/,Machine Learning based LOS/NLOS Classifier and Robust Estimator for GNSS Shadow Matching,10.1186/s43020-020-00016-w,https://doi.org/10.1186/s43020-020-00016-w,VERIFIED_OPENALEX,OpenAlex DOI author-affiliation metadata,Giustino Fortunato University,https://api.openalex.org/works/doi:10.1186%2Fs43020-020-00016-w,content/publications/2020-machine-learning-based-losnlos-classifier-and-robust-estima.md,/images/partners/giustino-fortunato-20260701.png
2026-07-02,additional,19,Hiroshima University,Hiroshima University,1,COUNT_MATCH,https://qmohsu.github.io/publications/2024-enhancing-smartphone-based-pedestrian-positioning-using-fac/,Enhancing Smartphone-based Pedestrian Positioning: Using Factor Graph Optimization with Indoor/Outdoor Detection for 3DMA GNSS/Visual-Inertial State Estimation,10.47852/bonviewjdsis42022961,https://doi.org/10.47852/bonviewjdsis42022961,VERIFIED_OPENALEX,OpenAlex DOI author-affiliation metadata,"Hiroshima University | Graduate School of Advanced Science and Engineering, Hiroshima University, Japan",https://api.openalex.org/works/doi:10.47852%2Fbonviewjdsis42022961,content/publications/2024-enhancing-smartphone-based-pedestrian-positioning-using-fac.md,/images/partners/hiroshima-university-20260701.png
2026-07-02,additional,20,Institut für Automation und Kommunikation,Institut für Automation und Kommunikation,1,COUNT_MATCH,https://qmohsu.github.io/publications/2023-editorial-enhanced-gnss-based-localization-solutions-with-ar/,Editorial: Enhanced GNSS-based localization solutions with artificial intelligence,10.3389/frobt.2023.1265989,https://doi.org/10.3389/frobt.2023.1265989,VERIFIED_OPENALEX,OpenAlex DOI author-affiliation metadata,Institut für Automation und Kommunikation,https://api.openalex.org/works/doi:10.3389%2Ffrobt.2023.1265989,content/publications/2023-editorial-enhanced-gnss-based-localization-solutions-with-ar.md,/images/partners/ifak-20260701.svg
2026-07-02,additional,21,McGill University,McGill University,1,COUNT_MATCH,https://qmohsu.github.io/publications/2023-intelligent-environment-adaptive-gnssins-integrated-positio/,Intelligent Environment-Adaptive GNSS/INS Integrated Positioning with Factor Graph Optimization,10.3390/rs16010181,https://doi.org/10.3390/rs16010181,VERIFIED_OPENALEX,OpenAlex DOI author-affiliation metadata,"McGill University | Department of Electrical and Computer Engineering, McGill University, Montreal, QC H3A 0G4, Canada",https://api.openalex.org/works/doi:10.3390%2Frs16010181,content/publications/2023-intelligent-environment-adaptive-gnssins-integrated-positio.md,/images/partners/mcgill-crest-20260701.png
2026-07-02,additional,22,McMaster University,McMaster University,1,COUNT_MATCH,https://qmohsu.github.io/publications/2026-certifiable-alignment-of-gnss-and-local-frames-via-lagrangian/,Certifiable Alignment of GNSS and Local Frames via Lagrangian Duality,10.1109/LRA.2026.3693943,https://doi.org/10.1109/LRA.2026.3693943,VERIFIED_OPENALEX,OpenAlex DOI author-affiliation metadata,"McMaster University | Department of Computing and Software, McMaster University, Hamilton, ON, Canada",https://api.openalex.org/works/doi:10.1109%2FLRA.2026.3693943,content/publications/2026-certifiable-alignment-of-gnss-and-local-frames-via-lagrangian.md,/images/partners/mcmaster-logo-20260702.svg
2026-07-02,additional,23,Nanjing University of Science and Technology,Nanjing University of Science and Technology,1,COUNT_MATCH,https://qmohsu.github.io/publications/2021-3d-point-clouds-data-super-resolution-aided-lidar-odometry-f/,3D Point Clouds Data Super Resolution Aided LiDAR Odometry for Vehicular Positioning in Urban Canyons,10.1109/tvt.2021.3069212,https://doi.org/10.1109/tvt.2021.3069212,VERIFIED_OPENALEX,OpenAlex DOI author-affiliation metadata,"Nanjing University of Science and Technology | Nanjing University of Science and Technology, Nanjing, Jiangsu, China | Nanjing University of Science and Technology, Nanjing, Jiangsu, China; The Hong Kong Polytechnic University, Hong Kong",https://api.openalex.org/works/doi:10.1109%2Ftvt.2021.3069212,content/publications/2021-3d-point-clouds-data-super-resolution-aided-lidar-odometry-f.md,
2026-07-02,additional,24,National Chengchi University,National Chengchi University,1,COUNT_MATCH,https://qmohsu.github.io/publications/2020-the-design-a-tdcp-smoothed-gnssodometer-integration-scheme/,The Design a TDCP-Smoothed GNSS/Odometer Integration Scheme with Vehicular-Motion Constraint and Robust Regression,10.3390/rs12162550,https://doi.org/10.3390/rs12162550,VERIFIED_OPENALEX,OpenAlex DOI author-affiliation metadata,"National Chengchi University | Department of Land Economics, National Chengchi University, Taipei 116, Taiwan",https://api.openalex.org/works/doi:10.3390%2Frs12162550,content/publications/2020-the-design-a-tdcp-smoothed-gnssodometer-integration-scheme.md,/images/partners/nccu-20260701.png
2026-07-02,additional,25,NYU / NYU Langone Health,NYU / NYU Langone Health,1,COUNT_MATCH,https://qmohsu.github.io/publications/2026-three-dimensional-mapping-aided-global-navigation-satellite/,Three-Dimensional Mapping-Aided Global Navigation Satellite System in Global Navigation Satellite System-Accessible Indoor Areas,10.3390/s26031058,https://doi.org/10.3390/s26031058,VERIFIED_OPENALEX,OpenAlex DOI author-affiliation metadata,"NYU Langone Health | New York University | Department of Biomedical Engineering, Tandon School of Engineering, New York University, New York, NY 11201, USA | Department of Mechanical and Aerospace Engineering, Tandon School of Engineering, New York University, New York, NY 11201, USA",https://api.openalex.org/works/doi:10.3390%2Fs26031058,content/publications/2026-three-dimensional-mapping-aided-global-navigation-satellite.md,/images/partners/nyu-langone.jpg
2026-07-02,additional,26,Parthenope University of Naples,Parthenope University of Naples,1,COUNT_MATCH,https://qmohsu.github.io/publications/2020-machine-learning-based-losnlos-classifier-and-robust-estima/,Machine Learning based LOS/NLOS Classifier and Robust Estimator for GNSS Shadow Matching,10.1186/s43020-020-00016-w,https://doi.org/10.1186/s43020-020-00016-w,VERIFIED_OPENALEX,OpenAlex DOI author-affiliation metadata,Parthenope University of Naples,https://api.openalex.org/works/doi:10.1186%2Fs43020-020-00016-w,content/publications/2020-machine-learning-based-losnlos-classifier-and-robust-estima.md,/images/partners/parthenope-logo-20260702.png
2026-07-02,additional,27,Peng Cheng Laboratory,Peng Cheng Laboratory,1,COUNT_MATCH,https://qmohsu.github.io/publications/2024-a-survey-on-cooperative-positioning-using-gnss-measurements/,A Survey on Cooperative Positioning Using GNSS Measurements,10.1109/tiv.2024.3397879,https://doi.org/10.1109/tiv.2024.3397879,VERIFIED_OPENALEX,OpenAlex DOI author-affiliation metadata,Peng Cheng Laboratory,https://api.openalex.org/works/doi:10.1109%2Ftiv.2024.3397879,content/publications/2024-a-survey-on-cooperative-positioning-using-gnss-measurements.md,/images/partners/pcl-logo-20260702.png
2026-07-02,additional,28,Ritsumeikan University,Ritsumeikan University,1,COUNT_MATCH,https://qmohsu.github.io/publications/2023-cyclist-orientation-estimation-using-lidar-data/,Cyclist Orientation Estimation Using LiDAR Data,10.3390/s23063096,https://doi.org/10.3390/s23063096,VERIFIED_OPENALEX,OpenAlex DOI author-affiliation metadata,"Ritsumeikan University | College of Information Science and Engineering, Ritsumeikan University, 1-1-1, Noji-higashi, Kusatsu 525-8577, Shiga, Japan",https://api.openalex.org/works/doi:10.3390%2Fs23063096,content/publications/2023-cyclist-orientation-estimation-using-lidar-data.md,/images/partners/ritsumeikan-logo-20260702.png
2026-07-02,additional,29,Roma Tre University,Roma Tre University,1,COUNT_MATCH,https://qmohsu.github.io/publications/2024-subspace-based-adaptive-gmm-error-modeling-for-fault-aware-p/,Subspace-based Adaptive GMM Error Modeling for Fault-Aware Pseudorange-based Positioning in Urban Canyons,10.1109/tiv.2024.3450198,https://doi.org/10.1109/tiv.2024.3450198,VERIFIED_OPENALEX,OpenAlex DOI author-affiliation metadata,"Roma Tre University | Department of Industrial, Electronic and Mechanical Engineering, Roma Tre University, Roma, Italy | Department of Industrial, Electronic and Mechanical Engineering, Roma Tre University, Italy",https://api.openalex.org/works/doi:10.1109%2Ftiv.2024.3450198,content/publications/2024-subspace-based-adaptive-gmm-error-modeling-for-fault-aware-p.md,/images/partners/roma-tre-logo-20260702.jpg
2026-07-02,additional,30,Shibaura Institute of Technology,Shibaura Institute of Technology,1,COUNT_MATCH,https://qmohsu.github.io/publications/2023-cyclist-orientation-estimation-using-lidar-data/,Cyclist Orientation Estimation Using LiDAR Data,10.3390/s23063096,https://doi.org/10.3390/s23063096,VERIFIED_OPENALEX,OpenAlex DOI author-affiliation metadata,"Shibaura Institute of Technology | Department of Electronic Engineering, School of Engineering, Shibaura Institute of Technology, 3-7-5, Toyosu, Koto-ku, Tokyo 135-8548, Japan",https://api.openalex.org/works/doi:10.3390%2Fs23063096,content/publications/2023-cyclist-orientation-estimation-using-lidar-data.md,/images/partners/shibaura-20260701.png
2026-07-02,additional,31,"State Key Laboratory of Information Engineering in Surveying, Mapping and Remote Sensing","State Key Laboratory of Information Engineering in Surveying, Mapping and Remote Sensing",1,COUNT_MATCH,https://qmohsu.github.io/publications/2024-towards-persistent-spatial-awareness-a-review-of-pedestrian/,Towards Persistent Spatial Awareness: A Review of Pedestrian Dead Reckoning-Centric Indoor Positioning with Smartphones,10.1109/tim.2024.3470043,https://doi.org/10.1109/tim.2024.3470043,VERIFIED_OPENALEX,OpenAlex DOI author-affiliation metadata,"State Key Laboratory of Information Engineering in Surveying Mapping and Remote Sensing | State Key Laboratory of Information Engineering in Surveying, Mapping and Remote Sensing (LIESMARS), Wuhan University, Wuhan, China",https://api.openalex.org/works/doi:10.1109%2Ftim.2024.3470043,content/publications/2024-towards-persistent-spatial-awareness-a-review-of-pedestrian.md,/images/partners/liesmars-logo-20260702.png
2026-07-02,additional,32,Tokyo University of Science,Tokyo University of Science,1,COUNT_MATCH,https://qmohsu.github.io/publications/2016-integrating-global-navigation-satellite-system-and-road-mark/,Integrating Global Navigation Satellite System and Road-Marking Detection for Vehicle Localization in Urban Traffic,10.3141/2595-07,https://doi.org/10.3141/2595-07,VERIFIED_OPENALEX,OpenAlex DOI author-affiliation metadata,Tokyo University of Science,https://api.openalex.org/works/doi:10.3141%2F2595-07,content/publications/2016-integrating-global-navigation-satellite-system-and-road-mark.md,/images/partners/tokyo-science-20260701.png
2026-07-02,additional,33,"University of California, Los Angeles","University of California, Los Angeles",1,COUNT_MATCH,https://qmohsu.github.io/publications/2024-towards-highdefinition-vector-map-construction-based-on-mul/,Towards high‐definition vector map construction based on multi‐sensor integration for intelligent vehicles: Systems and error quantification,10.1049/itr2.12524,https://doi.org/10.1049/itr2.12524,VERIFIED_OPENALEX,OpenAlex DOI author-affiliation metadata,"University of California, Los Angeles | Department of Civil and Environmental Engineering University of California Los Angeles California USA",https://api.openalex.org/works/doi:10.1049%2Fitr2.12524,content/publications/2024-towards-highdefinition-vector-map-construction-based-on-mul.md,/images/partners/ucla-20260701.png
2026-07-02,additional,34,University of Minnesota,University of Minnesota,1,COUNT_MATCH,https://qmohsu.github.io/publications/2025-multiple-faults-isolation-for-multi-constellation-gnss-posit/,Multiple Faults Isolation For Multi-Constellation GNSS Positioning through Incremental Expansion of Consistent Measurements,10.1109/jsen.2024.3524434,https://doi.org/10.1109/jsen.2024.3524434,VERIFIED_OPENALEX,OpenAlex DOI author-affiliation metadata,"University of Minnesota | University of Minnesota System | Department of Aerospace Engineering and Mechanics, University of Minnesota, Minneapolis, MS, USA",https://api.openalex.org/works/doi:10.1109%2Fjsen.2024.3524434,content/publications/2025-multiple-faults-isolation-for-multi-constellation-gnss-posit.md,
2026-07-02,additional,35,University of Science and Technology Beijing,University of Science and Technology Beijing,1,COUNT_MATCH,https://qmohsu.github.io/publications/2025-roadside-gnss-aided-multi-sensor-integrated-system-for/,Roadside GNSS Aided Multi-Sensor Integrated System for Vehicle Positioning in Urban Areas,10.1109/IROS60139.2025.11246475,https://doi.org/10.1109/IROS60139.2025.11246475,VERIFIED_OPENALEX,OpenAlex DOI author-affiliation metadata,"University of Science and Technology Beijing | University of Science and Technology Beijing (USTB),Beijing,China",https://api.openalex.org/works/doi:10.1109%2FIROS60139.2025.11246475,content/publications/2025-roadside-gnss-aided-multi-sensor-integrated-system-for.md,/images/partners/ustb-logo-20260702.png
2026-07-02,additional,36,Université Gustave Eiffel,Université Gustave Eiffel,1,COUNT_MATCH,https://qmohsu.github.io/publications/2023-editorial-enhanced-gnss-based-localization-solutions-with-ar/,Editorial: Enhanced GNSS-based localization solutions with artificial intelligence,10.3389/frobt.2023.1265989,https://doi.org/10.3389/frobt.2023.1265989,VERIFIED_OPENALEX,OpenAlex DOI author-affiliation metadata,Université Gustave Eiffel,https://api.openalex.org/works/doi:10.3389%2Ffrobt.2023.1265989,content/publications/2023-editorial-enhanced-gnss-based-localization-solutions-with-ar.md,/images/partners/gustave-eiffel-logo-20260702.svg
2026-07-02,additional,37,UNSW Sydney,UNSW Sydney,1,COUNT_MATCH,https://qmohsu.github.io/publications/2021-cooperative-surveillance-systems-and-digital-technology-enab/,Cooperative surveillance systems and digital-technology enabler for a real-time standard terminal arrival schedule displacement,10.1016/j.aei.2021.101402,https://doi.org/10.1016/j.aei.2021.101402,VERIFIED_OPENALEX,OpenAlex DOI author-affiliation metadata,"UNSW Sydney | School of Aviation, UNSW Sydney, Kensington, NSW 2052, Australia",https://api.openalex.org/works/doi:10.1016%2Fj.aei.2021.101402,content/publications/2021-cooperative-surveillance-systems-and-digital-technology-enab.md,/images/partners/unsw-20260701.png
2026-07-02,additional,38,Xi'an Jiaotong University,Xi'an Jiaotong University,1,COUNT_MATCH,https://qmohsu.github.io/publications/2021-cooperative-surveillance-systems-and-digital-technology-enab/,Cooperative surveillance systems and digital-technology enabler for a real-time standard terminal arrival schedule displacement,10.1016/j.aei.2021.101402,https://doi.org/10.1016/j.aei.2021.101402,VERIFIED_OPENALEX,OpenAlex DOI author-affiliation metadata,"Xi'an Jiaotong University | School of Public Policy and Administration, Xi’an Jiaotong University, Xi’an, China",https://api.openalex.org/works/doi:10.1016%2Fj.aei.2021.101402,content/publications/2021-cooperative-surveillance-systems-and-digital-technology-enab.md,/images/partners/xjtu-logo-20260701.png
